Career Path,Description
Medicine,"Medicine offers a rewarding path for those passionate about helping others, combining emotional intelligence with scientific expertise. High earning potential and the opportunity for continual learning make it a desirable choice."
Engineering,"Engineering is ideal for those with a strong mathematical mindset and a passion for innovation, offering diverse opportunities in fields like mechanical, electrical, and software engineering."
Law,"Law provides a dynamic environment for individuals with keen analytical and critical thinking skills. It offers diverse career options ranging from lawyers to legal consultants, emphasizing public speaking and ethical judgment."
Education,"Education is a fulfilling career for those with strong communication and pedagogical skills, shaping future generations. Opportunities range from teaching to administrative roles, requiring adaptability and cultural awareness."
Business,"Business encompasses various fields like management, entrepreneurship, and finance, ideal for those with leadership skills and strategic planning abilities. It offers diverse opportunities for growth and networking."
Arts,"Arts cater to creatively inclined individuals, offering various avenues like visual arts, music, and creative writing. This path requires artistic sensibility, adaptability, and often public speaking skills."
Sciences,"Sciences are perfect for those with a keen interest in research and data analysis. Fields like biology, chemistry, and environmental science offer roles that require critical and analytical thinking."
Information Technology,"Information Technology is a rapidly evolving field, ideal for individuals with technological proficiency and problem-solving skills. Careers range from software development to cybersecurity and data analysis."
Social Sciences,"Social Sciences, including psychology, sociology, and anthropology, are for those interested in cultural awareness, empathy, and historical knowledge. They offer opportunities in research and communication."
Trades,"Trades like carpentry, plumbing, and electrical work are suited for individuals with manual dexterity and technical proficiency. This field requires physical stamina and a focus on health and safety."
Hospitality and Tourism,"Hospitality and Tourism offer dynamic careers in hotel management, travel coordination, and event planning. Key skills include customer service orientation, communication, and organizational abilities."
Communication,"Communication fields like journalism, PR, and digital media are ideal for those with excellent public speaking and writing skills. This career path emphasizes creativity and networking."
Design,"Design encompasses graphic, interior, fashion, and industrial design, suitable for those with creativity and artistic sensibility. Attention to detail and critical thinking are crucial in this field."
Agriculture,"Agriculture, including farming and food production, is for those with environmental consciousness and scientific knowledge. It requires adaptability and problem-solving skills."
Public Service,"Public Service, including government roles and law enforcement, is ideal for individuals with ethical judgment and leadership skills. It emphasizes cultural awareness and strategic planning."
Finance,"Finance, covering banking, accounting, and investment, is suited for those with financial acumen and analytical thinking. It requires attention to detail and logical reasoning."
Athletics and Sports,"Athletics and Sports, including professional athletes and coaches, are ideal for individuals with physical stamina and teamwork skills. It emphasizes leadership and strategic planning."
Environmental Careers,Environmental Careers in sustainability and conservation are for those with environmental consciousness and scientific knowledge. This field requires research skills and adaptability.
Health and Wellness,"Health and Wellness, including roles like nutritionists and fitness trainers, is perfect for those with empathy and health and safety awareness. It requires strong communication skills and emotional intelligence."