Metric,Score
Leadership,1
Teamwork,1
Attention to Detail,1
Problem-Solving,1
Technological Proficiency,1
Time Management,1
Adaptability,1
Cultural Awareness,1
Ethical Judgment,1
Critical Thinking,1
Communication Skills,1
Organizational Skills,1
Manual Dexterity,1
Physical Stamina,1
Artistic Sensibility,1
Scientific Knowledge,1
Financial Acumen,1
Legal Understanding,1
Pedagogical Skills,1
Strategic Planning,1
Networking,1
Negotiation Skills,1
Entrepreneurial Spirit,1
Research Skills,1
Data Analysis,1
Empathy,1
Patience,1
Resilience,1
Customer Service Orientation,1
Marketing Insight,1
Health and Safety Awareness,1
Environmental Consciousness,1
Historical Knowledge,1
Linguistic Skills,1
